INSERT INTO Viewer (ID, profilePhotoUrl, displayName, lastLogin, createdDate)
VALUES
    ('asdf484f2s23d87g', '/images/profile001.jpg', 'John Doe', '2023-11-30 08:15:45', '2023-01-01 12:30:00'),
    ('b2g76df3s9d2k1', '/images/profile002.jpg', 'Jane Smith', '2023-11-29 10:45:30', '2023-01-02 14:20:00'),
    ('c4o7e3y5j9o2h3n', '/images/profile003.jpg', 'Spike', '2023-11-28 15:30:20', '2023-01-03 16:45:00'),
    ('e1m3i9l2y4w5i0l', '/images/profile004.jpg', 'Emily Davis', '2023-11-27 12:20:10', '2023-01-04 09:10:00'),
    ('m8i7c6h9a5e4l0b', '/images/profile005.jpg', 'Chris123', '2023-11-26 14:40:55', '2023-01-05 18:25:00'),
    ('s5u3s6a9n2d0a2v', '/images/profile006.jpg', 'SpaceXYZ', '2023-11-25 09:35:30', '2023-01-06 11:50:00'),
    ('d4a2v1d6m9i1l', '/images/profile007.jpg', 'Alex Chen', '2023-11-24 11:20:45', '2023-01-07 22:15:00'),
    ('l1a0u9r7a6a5n2d', '/images/profile008.jpg', 'Laura Kim', '2023-11-23 17:55:30', '2023-01-08 08:40:00'),
    ('w9i0l8l3i2a4m5w', '/images/profile009.jpg', 'Daniel MW', '2023-11-22 13:10:25', '2023-01-09 14:30:00'),
    ('j1e0n7n6i8f9e1r', '/images/profile010.jpg', 'Mystique Nguyen', '2023-11-21 16:45:50', '2023-01-10 17:20:00'),
    ('v1a2d3e4r5i6d7', '/images/profile011.jpg', 'Alice Wonderland', '2023-11-20 08:30:45', '2023-02-01 12:45:00'),
    ('v9i0e1w2e3r4v5i6e', '/images/profile012.jpg', 'Bob Marley', '2023-11-19 11:15:30', '2023-02-02 14:30:00'),
    ('v3i4e5w6e9r2v3i4e', '/images/profile013.jpg', 'Eva Green', '2023-11-18 16:40:20', '2023-02-03 17:55:00'),
    ('v1m3i9l2y4d5a0v', '/images/profile014.jpg', 'David Bowie', '2023-11-17 13:25:10', '2023-02-04 10:10:00'),
    ('v8i7c6h9r5i4s0l', '/images/profile015.jpg', 'Lily Rose', '2023-11-16 15:45:55', '2023-02-05 18:25:00'),
    ('v5u3s6a9n2d0a2v', '/images/profile016.jpg', 'Samuel Jackson', '2023-11-15 10:40:30', '2023-02-06 11:50:00'),
    ('v4a2l1e9x6c9h8e', '/images/profile017.jpg', 'Alex Turner', '2023-11-14 12:20:45', '2023-02-07 22:15:00'),
    ('v1a0u9r7a6a5n2d', '/images/profile018.jpg', 'Laura Palmer', '2023-11-13 17:55:30', '2023-02-08 08:40:00'),
    ('v9i0l8l3i2a4m5w', '/images/profile019.jpg', 'Daniel Radcliffe', '2023-11-12 13:10:25', '2023-02-09 14:30:00'),
    ('v1e0n7n6i8f9e1r', '/images/profile020.jpg', 'Olivia Newton', '2023-11-11 16:45:50', '2023-02-10 17:20:00'),
    ('v2g4o5o6g7l8e9a0c', '/images/profile021.jpg', 'GadgetGuru', '2023-11-10 12:30:45', '2023-02-11 13:45:00'),
    ('b6c7o8u9n1t2r3y4L', '/images/profile022.jpg', 'CuriousTraveler', '2023-11-09 14:15:30', '2023-02-12 15:20:00'),
    ('c3o4u5n6t7r8y9S', '/images/profile023.jpg', 'SkyWatcher', '2023-11-08 17:30:20', '2023-02-13 16:45:00'),
    ('que23his21h2hws', '/images/profile024.jpg', 'MagicalMomentsFan2', '2023-11-07 12:20:10', '2023-02-14 09:10:00'),
    ('m8i7n6d9f5u4l0l', '/images/profile025.jpg', 'MindfulLivingFan', '2023-11-06 14:40:55', '2023-02-15 18:25:00');

INSERT INTO GoogleAccount (ID, googleAccountEmail, phoneNumber, recoveryEmail, gender)
VALUES
    ('asdf484f2s23d87g', 'john.doe@gmail.com', '0771234567', 'john.alt.recovery@gmail.com', 'M'),
    ('b2g76df3s9d2k1', 'jane.smith@gmail.com', '0869876543', 'jane.secondary_recovery@yahoo.com', 'F'),
    ('c4o7e3y5j9o2h3n', 'robert.johnson@gmail.com', '0985789012', 'robert.backup.recovery@hotmail.com', 'M'),
    ('e1m3i9l2y4w5i0l', 'emily.wilson@gmail.com', '0755456789', 'emily.recovery1@gmail.com', 'F'),
    ('m8i7c6h9a5e4l0b', 'michael.brown@gmail.com', '0725234567', 'michael.backup_recovery@outlook.com', 'M'),
    ('s5u3s6a9n2d0a2v', 'susan.davis@gmail.com', '0715876354', 'susan.secondary_recovery@gmail.com', 'F'),
    ('d4a2v1d6m9i1l', 'david.miller@gmail.com', '0795321098', 'david.bakuprecovery@gmail.com', 'M'),
    ('l1a0u9r7a6a5n2d', 'laura.anderson@gmail.com', '0785765432', 'laura.personal_recovery@gmail.com', 'F'),
    ('w9i0l8l3i2a4m5w', 'william.white@gmail.com', '0865890124', 'william.secure_recover@protonmail.com', 'M'),
    ('j1e0n7n6i8f9e1r', 'jennifer.harris@gmail.com', '0705678902', 'jennifer.alternate_recovery@gmail.com', 'F');

-- GoogleAcct_billingInfo
INSERT INTO GoogleAcct_billingInfo (googleAcctID, googleAcct_cardType, googleAcct_cardNumber)
VALUES
    ('asdf484f2s23d87g', 'Visa', '4111111111111111'),
    ('asdf484f2s23d87g', 'Mastercard', '5555555555554444'),
    ('asdf484f2s23d87g', 'American Express', '378282246310005'),
    ('asdf484f2s23d87g', 'Visa Electron', '4917300800000000'),
    ('b2g76df3s9d2k1', 'Visa', '4112345678901234'),
    ('b2g76df3s9d2k1', 'Union Pay', '6200000000000005'),
    ('b2g76df3s9d2k1', 'Mastercard', '5105105105105100'),
    ('c4o7e3y5j9o2h3n', 'American Express', '378734493671000'),
    ('c4o7e3y5j9o2h3n', 'Visa', '4111111111111111'),
    ('c4o7e3y5j9o2h3n', 'Mastercard', '5555555555554444'),
    ('e1m3i9l2y4w5i0l', 'Union Pay', '6200000000000005'),
    ('e1m3i9l2y4w5i0l', 'American Express', '378282246310005'),
    ('m8i7c6h9a5e4l0b', 'Visa', '4112345678901234'),
    ('m8i7c6h9a5e4l0b', 'Union Pay', '6200000000000005'),
    ('s5u3s6a9n2d0a2v', 'Mastercard', '5555555555554444'),
    ('s5u3s6a9n2d0a2v', 'Visa Electron', '4917300800000000'),
    ('d4a2v1d6m9i1l', 'American Express', '378734493671000'),
    ('d4a2v1d6m9i1l', 'Visa', '4111111111111111'),
    ('w9i0l8l3i2a4m5w', 'Mastercard', '5555555555554444'),
    ('j1e0n7n6i8f9e1r', 'Visa', '4112345678901234');

INSERT INTO GoogleAcct_address (googleAcctID, googleAcct_addressNumber, googleAcct_road, googleAcct_district, googleAcct_province, googleAcct_country, googleAcct_postalCode)
VALUES
    ('asdf484f2s23d87g', '123', 'Sukhumvit Road', 'Sukhumvit', 'Bangkok', 'Thailand', '10230'),
    ('asdf484f2s23d87g', '456', 'Sathorn Road', 'Sathorn', 'Bangkok', 'Thailand', '10150'),
    ('asdf484f2s23d87g', '789', 'Phahon Yothin Road', 'Chatuchak', 'Bangkok', 'Thailand', '10310'),
    ('asdf484f2s23d87g', '101', 'Lat Phrao Road', 'Lat Phrao', 'Bangkok', 'Thailand', '10520'),
    ('b2g76df3s9d2k1', '303', 'Sukhumvit Road', 'Sukhumvit', 'Bangkok', 'Thailand', '10230'),
    ('b2g76df3s9d2k1', '404/2', 'Sathorn Road', 'Sathorn', 'Bangkok', 'Thailand', '10150'),
    ('b2g76df3s9d2k1', '203', 'Phahon Yothin Road', 'Chatuchak', 'Bangkok', 'Thailand', '10310'),
    ('c4o7e3y5j9o2h3n', '111/8', 'Moon Muang Road', 'Phra Singh', 'Chiang Mai', 'Thailand', '70000'),
    ('c4o7e3y5j9o2h3n', '222', 'Nimmanhaemin Road', 'Nimmanhaemin', 'Chiang Mai', 'Thailand', '50200'),
    ('d4a2v1d6m9i1l', '777', 'Dusit Zoo Road', 'Dusit', 'Bangkok', 'Thailand', '10100'),
    ('d4a2v1d6m9i1l', '888/12', 'Bang Khun Thian Road', 'Bang Khun Thian', 'Bangkok', 'Thailand', '10200'),
    ('l1a0u9r7a6a5n2d', '999', 'Maharaj Road', 'Mueang Krabi', 'Krabi', 'Thailand', '80000'),
    ('l1a0u9r7a6a5n2d', '1010/5', 'Ao Nang Road', 'Ao Nang', 'Krabi', 'Thailand', '81180'),
    ('s5u3s6a9n2d0a2v', '789', 'District 1 Road', 'District 1', 'Hochiminh City', 'Vietnam', '70000'),
    ('s5u3s6a9n2d0a2v', '101', 'Street 123', 'District 2', 'Hochiminh City', 'Vietnam', '80000'),
    ('w9i0l8l3i2a4m5w', '456', 'Gangnam Road', 'Gangnam', 'Seoul', 'South Korea', '10230'),
    ('w9i0l8l3i2a4m5w', '789', 'Myeongdong Street', 'Myeongdong', 'Seoul', 'South Korea', '10150');

INSERT INTO GoogleAdsAccount (googleAdsAcctID, googleAcctID)
VALUES
    ('a1b2c3d4e5f6g7h8', 'asdf484f2s23d87g'),
    ('i9j0k1l2m3n4o5p', 'asdf484f2s23d87g'),
    ('q6r7s8t9u0v1w2x', 'asdf484f2s23d87g'),
    ('y3z4a5b6c7d8e9f', 'b2g76df3s9d2k1'),
    ('g0h1i2j3k4l5m6n', 'b2g76df3s9d2k1'),
    ('o7p8q9r0s1t2u3v', 'c4o7e3y5j9o2h3n'),
    ('w4x5y6z7a8b9c0d', 'd4a2v1d6m9i1l'),
    ('e2f3g4h5i6j7k8l', 'l1a0u9r7a6a5n2d'),
    ('m9n0o1p2q3r4s5t', 'w9i0l8l3i2a4m5w'),
    ('u6v7w8x9y0z1a2b', 'j1e0n7n6i8f9e1r');

INSERT INTO GoogleAdsAcct_linkedAccount (googleAdsAcctID, googleAdsAcct_linkedAcctUrl)
VALUES
    ('a1b2c3d4e5f6g7h8', 'https://fashion-mania.com/dress1'),
    ('a1b2c3d4e5f6g7h8', 'https://travel-explorer.com/destination1'),
    ('a1b2c3d4e5f6g7h8', 'https://socialhub.com/user1'),
    ('a1b2c3d4e5f6g7h8', 'https://merch-paradise.com/product1'),
    ('i9j0k1l2m3n4o5p', 'https://merch-paradise.com/product2'),
    ('i9j0k1l2m3n4o5p', 'https://instagram.com/user2'),
    ('i9j0k1l2m3n4o5p', 'https://travel-explorer.com/destination2'),
    ('q6r7s8t9u0v1w2x', 'https://tiktok.com/@user3'),
    ('q6r7s8t9u0v1w2x', 'https://alibaba.com/shop3'),
    ('q6r7s8t9u0v1w2x', 'https://marketplace-world.com/shop3'),
    ('y3z4a5b6c7d8e9f', 'https://merch-paradise.com/product4'),
    ('y3z4a5b6c7d8e9f', 'https://instagram.com/user4'),
	('y3z4a5b6c7d8e9f', 'https://fashion-mania.com/dress4'),
    ('g0h1i2j3k4l5m6n', 'https://marketplace-world.com/shop5'),
    ('g0h1i2j3k4l5m6n', 'https://tiktok.com/@user5'),
    ('o7p8q9r0s1t2u3v', 'https://alibaba.com/shop6'),
    ('o7p8q9r0s1t2u3v', 'https://merch-paradise.com/product6'),
    ('w4x5y6z7a8b9c0d', 'https://instagram.com/user7'),
    ('w4x5y6z7a8b9c0d', 'https://marketplace-world.com/shop7'),
    ('e2f3g4h5i6j7k8l', 'https://tiktok.com/@user8'),
    ('m9n0o1p2q3r4s5t', 'https://merch-paradise.com/product9'),
    ('u6v7w8x9y0z1a2b', 'https://amazon.com/product10'),
    ('u6v7w8x9y0z1a2b', 'https://walmart.com/item10');

-- Channel
INSERT INTO ChannelCreator (
    ID,
    title,
    description,
    publishedAt,
    customUrl,
    thumbnailUrl,
    defaultLanguage,
    country,
    overallGoodStanding,
    communityGuidelines,
    copyrightStrikes,
    contentIdClaims,
    privacyStatus,
    topicDetails,
    googleAcctID
)
VALUES
    ('v1a2d3e4r5i6d7', 'Wonderland Adventures', 'Exploring the wonders of the world!', '2023-02-01 12:45:00', 'wonderland', '/images/channel001.jpg', 'English', 'US', true, true, false, false, 'private', 'Travel', 'asdf484f2s23d87g'),
    ('v9i0e1w2e3r4v5i6e', 'Reggae Vibes', 'Feel the rhythm and positive vibes of reggae music!', '2023-02-02 14:30:00', 'reggaevibes', '/images/channel002.jpg', 'English', 'Jamaica', true, true, false, false, 'public', 'Music', 'asdf484f2s23d87g'),
    ('v3i4e5w6e9r2v3i4e', 'Food Paradise', 'Exploring culinary delights and mouth-watering recipes.', '2023-02-03 17:55:00', 'foodparadise', '/images/channel003.jpg', 'English', 'UK', true, true, false, false, 'unlisted', 'Food', 'c4o7e3y5j9o2h3n'),
    ('v1m3i9l2y4d5a0v', 'Stardust Dreams', 'Immerse yourself in the world of dreams and stardust.', '2023-02-04 10:10:00', 'stardustdreams', '/images/channel004.jpg', 'English', 'US', true, true, false, false, 'private', 'Entertainment', 'e1m3i9l2y4w5i0l'),
    ('v8i7c6h9r5i4s0l', 'Artistic Expressions', 'A journey through various forms of artistic expressions.', '2023-02-05 18:25:00', 'artisticexpressions', '/images/channel005.jpg', 'English', 'US', true, true, false, false, 'private', 'Art', 'm8i7c6h9a5e4l0b'),
    ('v5u3s6a9n2d0a2v', 'Space Odyssey', 'Exploring the wonders of outer space and beyond!', '2023-02-06 11:50:00', 'spaceodyssey', '/images/channel006.jpg', 'English', 'US', true, true, false, false, 'public', 'Science', 's5u3s6a9n2d0a2v'),
    ('v4a2l1e9x6c9h8e', 'Arctic Explorations', 'Journeying through the icy landscapes of the Arctic.', '2023-02-07 22:15:00', 'arcticexplorations', '/images/channel007.jpg', 'English', 'Canada', true, true, false, false, 'public', 'History', 'd4a2v1d6m9i1l'),
    ('v1a0u9r7a6a5n2d', 'Mysterious Twin Peaks', 'Unraveling the mysteries of Twin Peaks.', '2023-02-08 08:40:00', 'twinpeaks', '/images/channel008.jpg', 'English', 'US', true, true, false, false, 'public', 'Mystery', 'l1a0u9r7a6a5n2d'),
    ('v9i0l8l3i2a4m5w', 'Wizarding World Wonders', 'Discovering the magical wonders of the wizarding world.', '2023-02-09 14:30:00', 'wizardingwonders', '/images/channel009.jpg', 'English', 'UK', true, true, false, false, 'private', 'Fantasy', 'w9i0l8l3i2a4m5w'),
    ('v1e0n7n6i8f9e1r', 'Melodies of Nature', 'Harmony of nature''s melodies and soothing sounds.', '2023-02-10 17:20:00', 'naturemelodies', '/images/channel010.jpg', 'English', 'US', true, true, false, false, 'private', 'Nature', 'j1e0n7n6i8f9e1r'),
    ('v2g4o5o6g7l8e9a0c', 'Tech Explorers', 'Discover the latest in technology and innovation.', '2023-03-20 13:25:00', 'techexplorers', '/images/channel011.jpg', 'English', 'US', true, true, false, false, 'public', 'Technology', 'd4a2v1d6m9i1l'),
    ('b6c7o8u9n1t2r3y4L', 'Travel Diaries', 'Embark on a journey to breathtaking destinations around the world.', '2023-03-25 15:40:00', 'traveldiaries', '/images/channel012.jpg', 'English', 'Global', true, true, false, false, 'unlisted', 'Travel', 'e1m3i9l2y4w5i0l'),
    ('c3o4u5n6t7r8y9S', 'Planet Earth Wonders', 'Explore the wonders of our beautiful planet and its ecosystems.', '2023-03-30 18:15:00', 'earthwonders', '/images/channel013.jpg', 'English', 'Earth', true, true, false, false, 'public', 'Nature', 'w9i0l8l3i2a4m5w'),
    ('que23his21h2hws', 'Magical Moments', 'Capturing and sharing magical moments from everyday life.', '2023-04-05 09:30:00', 'magicalmoments', '/images/channel014.jpg', 'English', 'US', true, true, false, false, 'private', 'Lifestyle', 's5u3s6a9n2d0a2v'),
    ('m8i7n6d9f5u4l0l', 'Mindful Living', 'Embrace a mindful and intentional approach to life.', '2023-04-10 12:55:00', 'mindfulliving', '/images/channel015.jpg', 'English', 'Global', true, true, false, false, 'public', 'Lifestyle', 's5u3s6a9n2d0a2v');

-- Subscriptions
INSERT INTO Subscribe (channelID, subscriberID, subscriptionDate) VALUES
    ('v1a2d3e4r5i6d7', 'v2g4o5o6g7l8e9a0c', '2023-07-05 12:30:00'),
    ('v1a2d3e4r5i6d7', 'v1e0n7n6i8f9e1r', '2023-07-10 13:45:00'),
    ('v9i0e1w2e3r4v5i6e', 'v2g4o5o6g7l8e9a0c', '2023-07-15 14:00:00'),
    ('v9i0e1w2e3r4v5i6e', 'v1e0n7n6i8f9e1r', '2023-07-20 15:15:00'),
    ('v9i0e1w2e3r4v5i6e', 'v8i7c6h9r5i4s0l', '2023-07-25 16:30:00'),
    ('v3i4e5w6e9r2v3i4e', 'v1m3i9l2y4d5a0v', '2023-08-15 14:15:00'),
    ('v3i4e5w6e9r2v3i4e', 'm8i7n6d9f5u4l0l', '2023-08-30 15:30:00'),
    ('v3i4e5w6e9r2v3i4e', 'v8i7c6h9r5i4s0l', '2023-09-01 15:30:00'),
    ('v3i4e5w6e9r2v3i4e', 'c3o4u5n6t7r8y9S', '2023-09-18 16:45:00'),
    ('v3i4e5w6e9r2v3i4e', 'v2g4o5o6g7l8e9a0c', '2023-09-20 18:00:00'),
    ('v3i4e5w6e9r2v3i4e', 'v1e0n7n6i8f9e1r', '2023-09-25 19:15:00'),
    ('v3i4e5w6e9r2v3i4e', 'v9i0l8l3i2a4m5w', '2023-10-01 20:30:00'),
    ('v3i4e5w6e9r2v3i4e', 'que23his21h2hws', '2023-10-10 21:45:00'),
    ('v2g4o5o6g7l8e9a0c', 'v1a2d3e4r5i6d7', '2023-06-01 08:00:00'),
    ('v2g4o5o6g7l8e9a0c', 'v9i0e1w2e3r4v5i6e', '2023-06-02 10:15:00'),
    ('v2g4o5o6g7l8e9a0c', 'v3i4e5w6e9r2v3i4e', '2023-06-05 12:30:00'),
    ('v2g4o5o6g7l8e9a0c', 'v4a2l1e9x6c9h8e', '2023-06-07 14:45:00'),
    ('v2g4o5o6g7l8e9a0c', 'v1m3i9l2y4d5a0v', '2023-06-12 19:15:00'),
    ('v2g4o5o6g7l8e9a0c', 'v1e0n7n6i8f9e1r', '2023-06-15 21:30:00'),
    ('v2g4o5o6g7l8e9a0c', 'm8i7n6d9f5u4l0l', '2023-06-23 04:15:00'),
    ('v2g4o5o6g7l8e9a0c', 'que23his21h2hws', '2023-07-05 06:30:00'),
    ('v2g4o5o6g7l8e9a0c', 'v5u3s6a9n2d0a2v', '2023-08-10 08:45:00'),
    ('v2g4o5o6g7l8e9a0c', 'c3o4u5n6t7r8y9S', '2023-09-15 11:00:00'),
    ('v2g4o5o6g7l8e9a0c', 'v9i0l8l3i2a4m5w', '2023-10-20 13:15:00'),
    ('v4a2l1e9x6c9h8e', 'v2g4o5o6g7l8e9a0c', '2023-06-06 15:45:00'),
    ('v1e0n7n6i8f9e1r', 'v2g4o5o6g7l8e9a0c', '2023-06-07 17:00:00'),
    ('v1e0n7n6i8f9e1r', 'v1a0u9r7a6a5n2d', '2023-06-08 18:15:00'),
    ('v1e0n7n6i8f9e1r', 'v8i7c6h9r5i4s0l', '2023-06-09 19:30:00'),
    ('v1e0n7n6i8f9e1r', 'm8i7n6d9f5u4l0l', '2023-06-10 20:45:00'),
    ('v1a0u9r7a6a5n2d', 'v1e0n7n6i8f9e1r', '2023-06-11 22:00:00'),
    ('v1a0u9r7a6a5n2d', 'v8i7c6h9r5i4s0l', '2023-06-12 23:15:00'),
    ('v8i7c6h9r5i4s0l', 'v1a0u9r7a6a5n2d', '2023-06-13 10:30:00'),
    ('v8i7c6h9r5i4s0l', 'm8i7n6d9f5u4l0l', '2023-06-14 11:45:00'),
    ('m8i7n6d9f5u4l0l', 'que23his21h2hws', '2023-06-15 13:00:00'),
    ('m8i7n6d9f5u4l0l', 'v5u3s6a9n2d0a2v', '2023-06-16 14:15:00'),
    ('m8i7n6d9f5u4l0l', 'c3o4u5n6t7r8y9S', '2023-06-17 15:30:00'),
    ('m8i7n6d9f5u4l0l', 'v9i0l8l3i2a4m5w', '2023-06-18 16:45:00'),
    ('v5u3s6a9n2d0a2v', 'v1e0n7n6i8f9e1r', '2023-06-19 09:00:00'),
    ('v5u3s6a9n2d0a2v', 'v8i7c6h9r5i4s0l', '2023-06-20 10:15:00'),
    ('v9i0l8l3i2a4m5w', 'v2g4o5o6g7l8e9a0c', '2023-06-21 11:30:00'),
    ('v9i0l8l3i2a4m5w', 'v4a2l1e9x6c9h8e', '2023-06-22 12:45:00'),
    ('v9i0l8l3i2a4m5w', 'b6c7o8u9n1t2r3y4L', '2023-06-23 14:00:00');

-- YPP & Monetization
INSERT INTO YPP (channelID, YPPID, acceptedAt)
VALUES
    ('v1a2d3e4r5i6d7', 'YPP1234567890', '2023-05-15 14:30:00'),
    ('v9i0e1w2e3r4v5i6e', 'YPP2345678901', '2023-05-20 16:45:00'),
    ('v3i4e5w6e9r2v3i4e', 'YPP3456789012', '2023-06-10 09:00:00'),
    ('v2g4o5o6g7l8e9a0c', 'YPP4567890123', '2023-06-20 11:15:00'),
    ('v4a2l1e9x6c9h8e', 'YPP5678901234', '2023-08-05 13:30:00'),
    ('b6c7o8u9n1t2r3y4L', 'YPP6789012345', '2023-08-15 15:45:00'),
    ('v1m3i9l2y4d5a0v', 'YPP7890123456', '2023-09-05 18:00:00'),
    ('v1e0n7n6i8f9e1r', 'YPP8901234567', '2023-09-15 20:15:00'),
    ('v1a0u9r7a6a5n2d', 'YPP9012345678', '2023-09-25 22:30:00'),
    ('v8i7c6h9r5i4s0l', 'YPP0123456789', '2023-09-30 09:45:00');

INSERT INTO MonetizationFeature (featureName, description)
VALUES
    ('AdRevenue', 'Earn revenue from Watch Page ads and Shorts Feed ads.'),
    ('Shopping', 'Your fans can browse and buy products from your store, or products you tag from other brands through the YouTube Shopping affiliate program.'),
    ('YouTubePremium', 'Get part of a YouTube Premium subscriber’s subscription fee when they watch your content.'),
    ('ChannelMemberships', 'Your members make recurring monthly payments in exchange for access to special perks.'),
    ('SuperChatSuperStickers', 'Your fans pay to get their messages or animated images highlighted in live chat streams.'),
    ('SuperThanks', 'Your fans pay to view a fun animation and get their message highlighted in your video or Short’s comments section.'),
    ('AdRevenueShorts', 'Earn revenue from Shorts Feed ads.'),
    ('ShoppingAffiliate', 'Earn commission when viewers purchase third-party products featured in your content through the YouTube Shopping affiliate program.'),
    ('PremiumContentAccess', 'Charge viewers for access to premium content.'),
    ('PremiumMusic', 'Monetize your music content through premium features.');

INSERT INTO MntFeature_requirement (featureName, mntFeature_requirement)
VALUES
    ('AdRevenue', '1,000 subscribers'),
    ('AdRevenue', '4,000 public watch hours on long-form videos in the last 365 days'),
    ('AdRevenue', 'be at least 18 years old'),
    ('AdRevenue', 'live in a country/region where YPP is available'),
    ('AdRevenue', 'accept the relevant contract modules'),
    ('AdRevenue', 'create content that meets our advertiser-friendly content guidelines'),
    ('Shopping', 'Meet subscriber threshold or be an Official Artist Channel'),
    ('Shopping', 'channel isn’t set as Made for Kids'),
    ('Shopping', 'doesn’t have a significant number of videos set as made for kids'),
    ('Shopping', 'channel doesn’t have a significant number of videos that violate our Channel Monetization Policies'),
    ('Shopping', 'your channel hasn’t received any Hate Speech Community Guideline Strikes'),
    ('YouTubePremium', 'Accept the relevant contract modules'),
    ('YouTubePremium', 'Create content watched by a viewer who is a YouTube Premium subscriber'),
    ('ChannelMemberships', '500 subscribers'),
    ('ChannelMemberships', '3 public uploads in the last 90 days'),
    ('ChannelMemberships', 'either: 3,000 public watch hours on long-form videos in the last 365 days or 3 million public Shorts views in the last 90 days'),
    ('ChannelMemberships', 'be at least 18 years old'),
    ('ChannelMemberships', 'live in a country where channel memberships are available'),
    ('ChannelMemberships', 'have accepted the Commerce Product Module or formerly available Commerce Product Addendum'),
    ('ChannelMemberships', 'channel isn’t set as Made for Kids and doesn’t have a significant number of videos set as made for kids or ineligible'),
    ('ChannelMemberships', 'not a music channel under SRAV'),
    ('SuperChatSuperStickers', 'Be at least 18 years old'),
    ('SuperChatSuperStickers', 'Live in a country/region where Super Chat and Super Stickers are available'),
    ('SuperChatSuperStickers', 'Have accepted the Commerce Product Module or formerly available Commerce Product Addendum'),  
    ('SuperThanks', 'Be at least 18 years old'),
    ('SuperThanks', 'Live in a country/region where Super Thanks is available'),
    ('SuperThanks', 'Have accepted the Commerce Product Module or formerly available Commerce Product Addendum'),
    ('SuperThanks', 'Channel is not a music channel under SRAV'),
    ('AdRevenueShorts', 'Earn revenue from Shorts Feed ads'),
    ('ShoppingAffiliate', 'Meet subscriber threshold or be an Official Artist Channel'),
    ('ShoppingAffiliate', 'Channel isn’t set as Made for Kids and doesn’t have a significant number of videos set as made for kids'),
    ('ShoppingAffiliate', 'Channel doesn’t have a significant number of videos that violate our Channel Monetization Policies'),
    ('ShoppingAffiliate', 'Your channel hasn’t received any Hate Speech Community Guideline Strikes'),
    ('PremiumContentAccess', 'Accept the relevant contract modules'),
    ('PremiumContentAccess', 'Create content that meets our advertiser-friendly content guidelines'),
    ('PremiumMusic', 'Monetize your music content through premium features');
  
INSERT INTO Manage_MntFeature (YPP_channelID, YPP_YPPID, mntFeature_featureName, isEnable)
VALUES
    ('v1a2d3e4r5i6d7', 'YPP1234567890', 'SuperThanks', 1),
    ('v1a2d3e4r5i6d7', 'YPP1234567890', 'Shopping', 0),
    ('v1a2d3e4r5i6d7', 'YPP1234567890', 'YouTubePremium', 1),
    ('v9i0e1w2e3r4v5i6e', 'YPP2345678901', 'AdRevenue', 0),
    ('v9i0e1w2e3r4v5i6e', 'YPP2345678901', 'SuperChatSuperStickers', 1),
    ('v9i0e1w2e3r4v5i6e', 'YPP2345678901', 'AdRevenueShorts', 0),
    ('v3i4e5w6e9r2v3i4e', 'YPP3456789012', 'ShoppingAffiliate', 1),
    ('v3i4e5w6e9r2v3i4e', 'YPP3456789012', 'ChannelMemberships', 0),
    ('v3i4e5w6e9r2v3i4e', 'YPP3456789012', 'PremiumContentAccess', 1),
    ('v2g4o5o6g7l8e9a0c', 'YPP4567890123', 'PremiumMusic', 0),
    ('v2g4o5o6g7l8e9a0c', 'YPP4567890123', 'SuperThanks', 1),
    ('v2g4o5o6g7l8e9a0c', 'YPP4567890123', 'Shopping', 0),
    ('v4a2l1e9x6c9h8e', 'YPP5678901234', 'SuperChatSuperStickers', 1),
    ('v4a2l1e9x6c9h8e', 'YPP5678901234', 'AdRevenueShorts', 0),
    ('v4a2l1e9x6c9h8e', 'YPP5678901234', 'ShoppingAffiliate', 1),
    ('b6c7o8u9n1t2r3y4L', 'YPP6789012345', 'YouTubePremium', 0),
    ('b6c7o8u9n1t2r3y4L', 'YPP6789012345', 'AdRevenue', 1),
    ('b6c7o8u9n1t2r3y4L', 'YPP6789012345', 'SuperThanks', 0),
    ('v1m3i9l2y4d5a0v', 'YPP7890123456', 'AdRevenueShorts', 1),
    ('v1m3i9l2y4d5a0v', 'YPP7890123456', 'PremiumContentAccess', 0),
    ('v1m3i9l2y4d5a0v', 'YPP7890123456', 'Shopping', 1),
    ('v1e0n7n6i8f9e1r', 'YPP8901234567', 'PremiumMusic', 0),
    ('v1e0n7n6i8f9e1r', 'YPP8901234567', 'SuperChatSuperStickers', 1),
    ('v1e0n7n6i8f9e1r', 'YPP8901234567', 'AdRevenueShorts', 0),
    ('v1a0u9r7a6a5n2d', 'YPP9012345678', 'ShoppingAffiliate', 1),
    ('v1a0u9r7a6a5n2d', 'YPP9012345678', 'YouTubePremium', 0),
    ('v1a0u9r7a6a5n2d', 'YPP9012345678', 'AdRevenue', 1),
    ('v8i7c6h9r5i4s0l', 'YPP0123456789', 'ChannelMemberships', 0),
    ('v8i7c6h9r5i4s0l', 'YPP0123456789', 'PremiumContentAccess', 1),
    ('v8i7c6h9r5i4s0l', 'YPP0123456789', 'SuperChatSuperStickers', 0);

INSERT INTO RevenueReceivingMethod (methodName, isThirdParty)
VALUES
    ('AdSense', false),
    ('MCN_Payments', true),
    ('Shopping_Payments', true),
    ('AdMob', false),
    ('Sponsorships', true),
    ('Direct_Sales', true),
    ('Affiliate_Marketing', true),
    ('Crypto_Payments', true),
    ('Donations', true),
    ('Product_Placements', true);
    
INSERT INTO RRMethod_paymentOption (methodName, RRMethod_paymentOption)
VALUES
    ('AdSense', 'Cheque'),
    ('AdSense', 'Bank Transfer'),
    ('AdSense', 'SEPA'),
    ('MCN_Payments', 'Bank Transfer'),
    ('MCN_Payments', 'PayPal'),
    ('Shopping_Payments', 'Cheque'),
    ('Shopping_Payments', 'Bank Transfer'),
    ('Shopping_Payments', 'SEPA'),
    ('AdMob', 'Wire Transfer'),
    ('Sponsorships', 'PayPal'),
    ('Sponsorships', 'Direct Bank Transfer'),
    ('Direct_Sales', 'Bank Transfer'),
    ('Direct_Sales', 'Credit Card Payment'),
    ('Affiliate_Marketing', 'Direct Bank Deposit'),
    ('Affiliate_Marketing', 'PayPal'),
    ('Crypto_Payments', 'Cryptocurrency Wallet'),
    ('Crypto_Payments', 'Bitcoin Transfer'),
    ('Donations', 'Online Donation Platform'),
    ('Donations', 'Credit Card Donation'),
    ('Product_Placements', 'Direct Bank Transfer'),
    ('Product_Placements', 'Wire Transfer'),
    ('Product_Placements', 'Check Payment');

INSERT INTO Choose_RRMethod (YPP_channelID, YPP_YPPID, RRMethod_methodName, addressNumber, road, district, province, postalCode, country)
VALUES
    ('v1a2d3e4r5i6d7', 'YPP1234567890', 'AdSense', '123', 'Main Street', 'Downtown', 'Metropolis', '12345', 'United States'),
    ('v9i0e1w2e3r4v5i6e', 'YPP2345678901', 'MCN_Payments', '456', 'Broadway', 'Uptown', 'Cityville', '56789', 'Canada'),
    ('v3i4e5w6e9r2v3i4e', 'YPP3456789012', 'Shopping_Payments', '789', 'Market Street', 'Midtown', 'Villagetown', '98765', 'United Kingdom'),
    ('v2g4o5o6g7l8e9a0c', 'YPP4567890123', 'AdSense', '101', 'Oak Avenue', 'Suburbia', 'Townsville', '54321', 'Australia'),
    ('v4a2l1e9x6c9h8e', 'YPP5678901234', 'Sponsorships', '202', 'Pine Street', 'Greenfield', 'Meadowland', '67890', 'Germany'),
    ('b6c7o8u9n1t2r3y4L', 'YPP6789012345', 'Direct_Sales', '303', 'Cedar Road', 'Hillsborough', 'Hilltopia', '45678', 'France'),
    ('v1m3i9l2y4d5a0v', 'YPP7890123456', 'Affiliate_Marketing', '404', 'Elm Street', 'Riverside', 'Riverdale', '23456', 'Italy'),
    ('v1e0n7n6i8f9e1r', 'YPP8901234567', 'Crypto_Payments', '505', 'Maple Avenue', 'Lakeview', 'Lakeland', '78901', 'Spain'),
    ('v1a0u9r7a6a5n2d', 'YPP9012345678', 'Donations', '606', 'Walnut Street', 'Harborside', 'Harbor City', '01234', 'Japan'),
    ('v8i7c6h9r5i4s0l', 'YPP0123456789', 'Product_Placements', '707', 'Birch Road', 'Sunnyside', 'Sunnyville', '56789', 'South Korea'),
    ('v1a2d3e4r5i6d7', 'YPP1234567890', 'Shopping_Payments', '808', 'Cherry Street', 'Hometown', 'Homeville', '34567', 'China'),
    ('v9i0e1w2e3r4v5i6e', 'YPP2345678901', 'AdMob', '909', 'Peach Avenue', 'Heights', 'Heightstown', '89012', 'India'),
    ('v3i4e5w6e9r2v3i4e', 'YPP3456789012', 'Sponsorships', '111', 'Plum Road', 'Meadowside', 'Meadowsville', '23456', 'Brazil'),
    ('v2g4o5o6g7l8e9a0c', 'YPP4567890123', 'Direct_Sales', '222', 'Orange Street', 'Valley', 'Valleyview', '78901', 'Russia'),
    ('v4a2l1e9x6c9h8e', 'YPP5678901234', 'Affiliate_Marketing', '333', 'Lemon Avenue', 'Countryside', 'Countrytown', '34567', 'Mexico'),
    ('b6c7o8u9n1t2r3y4L', 'YPP6789012345', 'Crypto_Payments', '444', 'Banana Road', 'Forestville', 'Forest City', '89012', 'South Africa'),
    ('v1m3i9l2y4d5a0v', 'YPP7890123456', 'Donations', '555', 'Grape Street', 'Seaside', 'Seaville', '23456', 'Nigeria'),
    ('v1e0n7n6i8f9e1r', 'YPP8901234567', 'Product_Placements', '666', 'Watermelon Avenue', 'Mountainside', 'Mountainview', '78901', 'Turkey'),
    ('v1a0u9r7a6a5n2d', 'YPP9012345678', 'AdSense', '777', 'Kiwi Road', 'Rural', 'Ruraltown', '34567', 'Argentina'),
    ('v8i7c6h9r5i4s0l', 'YPP0123456789', 'MCN_Payments', '888', 'Blueberry Street', 'Suburban', 'Suburbantown', '89012', 'Egypt');

-- Video
INSERT INTO Video (
    videoID, publishedAt, title, description, thumbnailUrl, caption, duration, dimension, uploadStatus, visibility, fileDetailUrl, license, madeForKids, channelID
) VALUES
    ('dQw4w9WgXcQ', '2023-05-20 08:30:00', 'Ocean Serenity', 'Experience the calming serenity of ocean waves and breathtaking seascapes.', '/thumbnails/ocean_serenity.jpg', true, '00:10:15', '1080p', 'processed', 'public', '/files/ocean_serenity.mp4', 'creativeCommon', false, 'v1a2d3e4r5i6d7'),
    ('x7Yk19IdtdQ', '2023-06-15 13:15:00', 'Astronomy 101', 'Embark on a journey through the cosmos and unravel the mysteries of the universe.', '/thumbnails/astronomy_101.jpg', true, '00:08:45', '720p', 'processed', 'public', '/files/astronomy_101.mp4', 'youtube', false, 'v9i0e1w2e3r4v5i6e'),
    ('l7Gh23XkjOQ', '2023-07-10 16:55:00', 'Gourmet Coffee Brewing', 'Master the art of brewing gourmet coffee with expert tips and techniques.', '/thumbnails/gourmet_coffee.jpg', false, '00:06:30', '1080p', 'processed', 'public', '/files/gourmet_coffee.mp4', 'youtube', false, 'v3i4e5w6e9r2v3i4e'),
    ('a9Js46YbFgI', '2023-08-05 11:45:00', 'Urban Sketching Adventures', 'Explore the beauty of urban landscapes through the art of sketching.', '/thumbnails/urban_sketching.jpg', true, '00:09:20', '720p', 'processed', 'public', '/files/urban_sketching.mp4', 'youtube', false, 'v1m3i9l2y4d5a0v'),
    ('z5Uo3LkMbCQ', '2023-05-22 09:30:00', 'Enchanted Forest Waterfalls', 'Explore hidden waterfalls in a magical forest adventure.', '/thumbnails/enchanted_forest.jpg', true, '00:05:30', '1080p', 'processed', 'public', '/files/enchanted_forest.mp4', 'creativeCommon', false, 'v8i7c6h9r5i4s0l'),
    ('b1Fn7UcK9HQ', '2023-06-30 17:25:00', 'Mind-Blowing Magic Illusions', 'Witness jaw-dropping magic tricks and mind-bending illusions.', '/thumbnails/magic_illusions.jpg', true, '00:07:05', '720p', 'processed', 'public', '/files/magic_illusions.mp4', 'youtube', false, 'v2g4o5o6g7l8e9a0c'),
    ('y2Ll6JiDk9F', '2023-07-18 14:15:00', 'Thrilling Ziplining Adventure', 'Soar across mountain peaks on an exhilarating ziplining ride.', '/thumbnails/ziplining_adventure.jpg', true, '00:08:20', '1080p', 'processed', 'public', '/files/ziplining_adventure.mp4', 'youtube', false, 'v2g4o5o6g7l8e9a0c'),
    ('p8Nk3MzIdKU', '2023-08-12 17:45:00', 'DIY Home Decor Magic', 'Transform spaces with creative and budget-friendly DIY home decor.', '/thumbnails/diy_home_decor.jpg', false, '00:04:50', '720p', 'processed', 'public', '/files/diy_home_decor.mp4', 'youtube', false, 'm8i7n6d9f5u4l0l'),
    ('r9Vj2JuXzLk', '2023-05-25 19:40:00', 'Yoga HIIT Fusion', 'Experience a unique fitness fusion of yoga and high-intensity training.', '/thumbnails/yoga_hiit_fusion.jpg', true, '00:04:20', '1080p', 'processed', 'public', '/files/yoga_hiit_fusion.mp4', 'creativeCommon', false, 'v3i4e5w6e9r2v3i4e'),
    ('m1Kl7AeW9Dx', '2023-06-28 09:30:00', 'Tech Unboxing Extravaganza', 'Unbox the latest gadgets and witness cutting-edge technology.', '/thumbnails/tech_unboxing.jpg', true, '00:06:15', '720p', 'processed', 'public', '/files/tech_unboxing.mp4', 'creativeCommon', false, 'v2g4o5o6g7l8e9a0c'),
    ('n3Kg4Yq9LwZ', '2023-07-05 14:30:00', 'Game Night Fun', 'Explore a variety of board games for a night of laughter and joy.', '/thumbnails/game_night.jpg', true, '00:03:30', '1080p', 'processed', 'public', '/files/game_night.mp4', 'youtube', false, 'v3i4e5w6e9r2v3i4e'),
    ('t5Uo7Gp8LaX', '2023-08-21 12:55:00', 'Mindful Living', 'Embrace a mindful and intentional approach to life.', '/thumbnails/mindful_living.jpg', true, '00:07:10', '720p', 'processed', 'public', '/files/mindful_living.mp4', 'youtube', false, 'v3i4e5w6e9r2v3i4e'),
    ('v2Aj4Rt5FgI', '2023-05-28 22:15:00', 'Arctic Explorations', 'Journeying through the icy landscapes of the Arctic.', '/thumbnails/arctic_explorations.jpg', true, '00:08:45', '1080p', 'processed', 'public', '/files/arctic_explorations.mp4', 'creativeCommon', false, 'v4a2l1e9x6c9h8e'),
    ('u7Un1Tr2YtP', '2023-06-15 08:40:00', 'Mysterious Twin Peaks', 'Unraveling the mysteries of Twin Peaks.', '/thumbnails/twin_peaks.jpg', true, '00:06:30', '720p', 'processed', 'public', '/files/twin_peaks.mp4', 'creativeCommon', false, 'v1a0u9r7a6a5n2d'),
    ('w1Iz9a8rCtE', '2023-07-30 18:15:00', 'Planet Earth Wonders', 'Explore the wonders of our beautiful planet and its ecosystems.', '/thumbnails/planet_earth_wonders.jpg', true, '00:09:20', '1080p', 'processed', 'public', '/files/planet_earth_wonders.mp4', 'creativeCommon', false, 'v1e0n7n6i8f9e1r'),
    ('z9Mj8Yf5BdI', '2023-08-05 09:30:00', 'Magical Moments', 'Capturing and sharing magical moments from everyday life.', '/thumbnails/magical_moments.jpg', true, '00:04:50', '720p', 'processed', 'public', '/files/magical_moments.mp4', 'youtube', false, 'v9i0l8l3i2a4m5w'),
    ('x7Nl6Dj9F5U', '2023-05-10 12:55:00', 'Melodies of Nature', 'Harmony of nature''s melodies and soothing sounds.', '/thumbnails/melodies_of_nature.jpg', true, '00:07:10', '1080p', 'processed', 'public', '/files/melodies_of_nature.mp4', 'creativeCommon', false, 'v9i0e1w2e3r4v5i6e'),
	('s3Yk19IdtdQ', '2023-09-02 14:20:00', 'Exploring Coral Reefs', 'Dive into the vibrant world of coral reefs and marine life.', '/thumbnails/coral_reefs.jpg', true, '00:12:30', '1080p', 'processed', 'public', '/files/exploring_coral_reefs.mp4', 'creativeCommon', false, 'm8i7n6d9f5u4l0l'),
	('a1Un2Tr3YtP', '2023-10-08 10:45:00', 'Epic Mountain Hiking', 'Embark on an epic journey through challenging mountain trails.', '/thumbnails/mountain_hiking.jpg', false, '00:09:55', '720p', 'processed', 'public', '/files/epic_mountain_hiking.mp4', 'youtube', false, 'v1a0u9r7a6a5n2d'),
	('z9Nl6Dj1F5U', '2023-11-15 18:30:00', 'Dance Fusion Workout', 'Combine dance and fitness for an energetic and fun workout routine.', '/thumbnails/dance_fusion_workout.jpg', true, '00:06:40', '1080p', 'processed', 'public', '/files/dance_fusion_workout.mp4', 'creativeCommon', false, 'v1a2d3e4r5i6d7'),
	('w2Iz9a7rCtE', '2023-09-28 12:15:00', 'Sunset Relaxation Session', 'Unwind with a soothing sunset and calming sounds of nature.', '/thumbnails/sunset_relaxation.jpg', false, '00:08:20', '720p', 'processed', 'public', '/files/sunset_relaxation_session.mp4', 'youtube', false, 'v1e0n7n6i8f9e1r'),
	('b5Fn7UcK9HQ', '2023-10-20 16:25:00', 'Aerial Drone Adventures', 'Experience breathtaking views with aerial drone footage from various locations.', '/thumbnails/aerial_drone_adventures.jpg', true, '00:07:45', '1080p', 'processed', 'public', '/files/aerial_drone_adventures.mp4', 'creativeCommon', false, 'v2g4o5o6g7l8e9a0c'),
	('t3Uo7Gp1LaX', '2023-11-05 14:30:00', 'Healthy Cooking Tips', 'Learn valuable tips for preparing delicious and nutritious meals.', '/thumbnails/healthy_cooking_tips.jpg', true, '00:05:30', '720p', 'processed', 'public', '/files/healthy_cooking_tips.mp4', 'youtube', false, 'v3i4e5w6e9r2v3i4e'),
	('v6Aj4Rt8FgI', '2023-09-12 22:15:00', 'Nature Sounds Meditation', 'Immerse yourself in the calming meditation with the sounds of nature.', '/thumbnails/nature_sounds_meditation.jpg', true, '00:08:45', '1080p', 'processed', 'public', '/files/nature_sounds_meditation.mp4', 'creativeCommon', false, 'v4a2l1e9x6c9h8e'),
	('c5Uo3Lk9BdI', '2023-10-05 09:30:00', 'Sustainable Living Tips', 'Explore sustainable living practices for a greener and eco-friendly lifestyle.', '/thumbnails/sustainable_living_tips.jpg', true, '00:04:50', '720p', 'processed', 'public', '/files/sustainable_living_tips.mp4', 'youtube', false, 'v5u3s6a9n2d0a2v'),
	('v9Ij7Cu8HrS', '2023-11-21 19:40:00', 'Abstract Art Creations', 'Witness the creation of stunning abstract art pieces with various techniques.', '/thumbnails/abstract_art_creations.jpg', true, '00:07:10', '1080p', 'processed', 'public', '/files/abstract_art_creations.mp4', 'creativeCommon', false, 'v8i7c6h9r5i4s0l'),
	('x4Ym8Dj9LwZ', '2023-09-18 12:55:00', 'Culinary Adventures', 'Embark on a culinary journey exploring diverse and delicious dishes.', '/thumbnails/culinary_adventures.jpg', true, '00:06:15', '720p', 'processed', 'public', '/files/culinary_adventures.mp4', 'youtube', false, 'v9i0e1w2e3r4v5i6e');

INSERT INTO Video_tag (videoID, video_tag) VALUES
	('dQw4w9WgXcQ', 'relaxation'), ('dQw4w9WgXcQ', 'ocean'), ('dQw4w9WgXcQ', 'travel'), ('dQw4w9WgXcQ', 'waves'),
	('x7Yk19IdtdQ', 'astronomy'), ('x7Yk19IdtdQ', 'fantasy'), ('x7Yk19IdtdQ', 'universe'), ('x7Yk19IdtdQ', 'mysteries'),
	('l7Gh23XkjOQ', 'coffee'), ('l7Gh23XkjOQ', 'brewing'), ('l7Gh23XkjOQ', 'gourmet'), ('l7Gh23XkjOQ', 'food'),
	('a9Js46YbFgI', 'urban'), ('a9Js46YbFgI', 'travel'), ('a9Js46YbFgI', 'adventures'), ('a9Js46YbFgI', 'landscapes'),
	('z5Uo3LkMbCQ', 'travel'), ('z5Uo3LkMbCQ', 'forest'), ('z5Uo3LkMbCQ', 'waterfalls'), ('z5Uo3LkMbCQ', 'adventure'),
	('b1Fn7UcK9HQ', 'magic'), ('b1Fn7UcK9HQ', 'fantasy'),
	('y2Ll6JiDk9F', 'sport'), ('y2Ll6JiDk9F', 'adventure'),
	('p8Nk3MzIdKU', 'DIY'), ('p8Nk3MzIdKU', 'home decor'),
	('r9Vj2JuXzLk', 'sport'),
	('m1Kl7AeW9Dx', 'tech'),
	('n3Kg4Yq9LwZ', 'gaming'),
	('t5Uo7Gp8LaX', 'living'),
	('v2Aj4Rt5FgI', 'travel'),
	('u7Un1Tr2YtP', 'travel'),
	('w1Iz9a8rCtE', 'travel'),
	('z9Mj8Yf5BdI', 'fantasy'),
	('x7Nl6Dj9F5U', 'food'),
	('s3Yk19IdtdQ', 'food'),
	('a1Un2Tr3YtP', 'mountain hiking'),
	('z9Nl6Dj1F5U', 'sport'),
	('w2Iz9a7rCtE', 'nature'),
	('b5Fn7UcK9HQ', 'adventures'),
	('t3Uo7Gp1LaX', 'cooking'),
	('v6Aj4Rt8FgI', 'nature'),
	('c5Uo3Lk9BdI', 'home decor'),
	('v9Ij7Cu8HrS', 'art'),
	('x4Ym8Dj9LwZ', 'adventures');

INSERT INTO MembersOnlyVideo (videoID, memberLevel, YPP_channelID, YPP_YPPID) VALUES
	('dQw4w9WgXcQ', 'Gold', 'v1a2d3e4r5i6d7', 'YPP1234567890'),
	('x7Yk19IdtdQ', 'Silver', 'v9i0e1w2e3r4v5i6e', 'YPP2345678901'),
	('l7Gh23XkjOQ', 'Gold', 'v3i4e5w6e9r2v3i4e', 'YPP3456789012'),
	('a9Js46YbFgI', 'Bronze', 'v2g4o5o6g7l8e9a0c', 'YPP4567890123'),
	('z5Uo3LkMbCQ', 'Gold', 'v4a2l1e9x6c9h8e', 'YPP5678901234'),
	('b1Fn7UcK9HQ', 'Silver', 'b6c7o8u9n1t2r3y4L', 'YPP6789012345'),
	('y2Ll6JiDk9F', 'Gold', 'v1m3i9l2y4d5a0v', 'YPP7890123456'),
	('p8Nk3MzIdKU', 'Bronze', 'v1e0n7n6i8f9e1r', 'YPP8901234567'),
	('r9Vj2JuXzLk', 'Silver', 'v1a0u9r7a6a5n2d', 'YPP9012345678'),
	('m1Kl7AeW9Dx', 'Gold', 'v8i7c6h9r5i4s0l', 'YPP0123456789');

INSERT INTO MonetizedVideo (videoID, adsType, location, monetizationStatus, YPP_channelID, YPP_YPPID) VALUES
	('dQw4w9WgXcQ', 'Skippable', 'United Kingdom', true, 'v1a2d3e4r5i6d7', 'YPP1234567890'),
	('x7Yk19IdtdQ', 'Non-skippable', 'Australia', false, 'v9i0e1w2e3r4v5i6e', 'YPP2345678901'),
	('l7Gh23XkjOQ', 'Display', 'Germany', true, 'v3i4e5w6e9r2v3i4e', 'YPP3456789012'),
	('t3Uo7Gp1LaX', 'Bumper', 'France', false, 'v2g4o5o6g7l8e9a0c', 'YPP4567890123'),
	('z5Uo3LkMbCQ', 'In-stream', 'Spain', true, 'v4a2l1e9x6c9h8e', 'YPP5678901234'),
	('v2Aj4Rt5FgI', 'Discovery', 'Italy', false, 'b6c7o8u9n1t2r3y4L', 'YPP6789012345'),
	('y2Ll6JiDk9F', 'Sponsored card', 'Brazil', true, 'v1m3i9l2y4d5a0v', 'YPP7890123456'),
	('x4Ym8Dj9LwZ', 'TrueView', 'India', false, 'v1e0n7n6i8f9e1r', 'YPP8901234567'),
	('v9Ij7Cu8HrS', 'Standard', 'United States', true, 'v1a0u9r7a6a5n2d', 'YPP9012345678'),
	('z9Mj8Yf5BdI', 'Overlay', 'Canada', true, 'v8i7c6h9r5i4s0l', 'YPP0123456789');

INSERT INTO Engage (viewerID, videoID, usedDevice, watchAt, watchDuration, isSaved, isDisliked, isLiked)
VALUES
    ('asdf484f2s23d87g', 'dQw4w9WgXcQ', 'Mobile', '2023-05-20 08:35:00', '00:08:30', true, false, true),
    ('b2g76df3s9d2k1', 'x7Yk19IdtdQ', 'Desktop', '2023-06-15 13:20:00', '00:05:45', true, false, true),
    ('c4o7e3y5j9o2h3n', 'l7Gh23XkjOQ', 'Tablet', '2023-07-10 17:00:00', '00:04:20', false, true, false),
    ('e1m3i9l2y4w5i0l', 'a9Js46YbFgI', 'Mobile', '2023-08-05 12:00:00', '00:07:15', true, false, true),
    ('m8i7c6h9a5e4l0b', 'z5Uo3LkMbCQ', 'Desktop', '2023-05-22 10:00:00', '00:05:45', true, false, true),
    ('s5u3s6a9n2d0a2v', 'b1Fn7UcK9HQ', 'Mobile', '2023-06-30 17:30:00', '00:06:15', true, false, true),
    ('d4a2v1d6m9i1l', 'y2Ll6JiDk9F', 'Tablet', '2023-07-18 14:30:00', '00:07:45', true, false, true),
    ('l1a0u9r7a6a5n2d', 'p8Nk3MzIdKU', 'Desktop', '2023-08-12 18:00:00', '00:05:30', false, true, false),
    ('w9i0l8l3i2a4m5w', 'r9Vj2JuXzLk', 'Mobile', '2023-05-25 20:00:00', '00:09:00', true, false, true),
    ('j1e0n7n6i8f9e1r', 'm1Kl7AeW9Dx', 'Tablet', '2023-06-28 10:00:00', '00:06:45', true, false, true),
    ('v1a2d3e4r5i6d7', 'n3Kg4Yq9LwZ', 'Desktop', '2023-07-05 15:00:00', '00:03:50', true, false, true),
    ('v9i0e1w2e3r4v5i6e', 't5Uo7Gp8LaX', 'Mobile', '2023-08-21 13:00:00', '00:08:00', false, true, false),
    ('v3i4e5w6e9r2v3i4e', 'v2Aj4Rt5FgI', 'Tablet', '2023-05-28 23:00:00', '00:04:45', true, false, true),
    ('v1m3i9l2y4d5a0v', 'u7Un1Tr2YtP', 'Desktop', '2023-06-15 09:00:00', '00:06:30', false, true, false),
    ('v8i7c6h9r5i4s0l', 'w1Iz9a8rCtE', 'Mobile', '2023-07-30 18:30:00', '00:07:20', true, false, true),
    ('v5u3s6a9n2d0a2v', 'z9Mj8Yf5BdI', 'Tablet', '2023-08-05 10:00:00', '00:05:15', true, false, True),
    ('v4a2l1e9x6c9h8e', 'x7Nl6Dj9F5U', 'Desktop', '2023-05-10 13:00:00', '00:07:45', false, true, false),
    ('v1a2d3e4r5i6d7', 's3Yk19IdtdQ', 'Mobile', '2023-09-02 15:00:00', '00:10:00', true, false, true),
    ('v9i0e1w2e3r4v5i6e', 'a1Un2Tr3YtP', 'Tablet', '2023-10-08 11:00:00', '00:09:30', false, true, false),
    ('v9i0e1w2e3r4v5i6e', 'z9Nl6Dj1F5U', 'Desktop', '2023-11-15 19:00:00', '00:06:15', true, false, true),
    ('v3i4e5w6e9r2v3i4e', 'w1Iz9a8rCtE', 'Mobile', '2023-09-28 13:00:00', '00:07:30', true, false, true),
    ('v4a2l1e9x6c9h8e', 'b5Fn7UcK9HQ', 'Tablet', '2023-10-20 17:00:00', '00:08:45', false, true, false),
    ('s5u3s6a9n2d0a2v', 't3Uo7Gp1LaX', 'Desktop', '2023-11-05 15:00:00', '00:05:00', true, false, true),
    ('e1m3i9l2y4w5i0l', 'v6Aj4Rt8FgI', 'Mobile', '2023-09-12 23:00:00', '00:08:30', true, false, true),
    ('c4o7e3y5j9o2h3n', 'c5Uo3Lk9BdI', 'Tablet', '2023-10-05 10:00:00', '00:04:30', false, true, false),
    ('b2g76df3s9d2k1', 'v9Ij7Cu8HrS', 'Desktop', '2023-11-21 20:00:00', '00:07:45', true, false, true),
    ('b6c7o8u9n1t2r3y4L', 'x7Nl6Dj9F5U', 'Mobile', '2023-09-18 13:30:00', '00:06:30', true, false, true),
    ('c3o4u5n6t7r8y9S', 'w2Iz9a7rCtE', 'Tablet', '2023-10-20 17:30:00', '00:05:45', false, true, false),
    ('que23his21h2hws', 'b5Fn7UcK9HQ', 'Desktop', '2023-11-15 19:30:00', '00:07:00', true, false, true),
    ('m8i7n6d9f5u4l0l', 'dQw4w9WgXcQ', 'Mobile', '2023-10-20 18:00:00', '00:05:15', false, true, false),
    ('s5u3s6a9n2d0a2v', 'v6Aj4Rt8FgI', 'Tablet', '2023-11-07 12:30:00', '00:08:00', true, false, true),
    ('d4a2v1d6m9i1l', 'z9Nl6Dj1F5U', 'Desktop', '2023-11-06 15:00:00', '00:06:45', false, true, false),
    ('l1a0u9r7a6a5n2d', 'c5Uo3Lk9BdI', 'Mobile', '2023-11-05 10:30:00', '00:05:30', true, false, true),
    ('w9i0l8l3i2a4m5w', 'x7Nl6Dj9F5U', 'Tablet', '2023-11-04 11:00:00', '00:09:15', false, true, false),
    ('j1e0n7n6i8f9e1r', 's3Yk19IdtdQ', 'Desktop', '2023-11-03 16:00:00', '00:06:00', true, false, true),
    ('v1a2d3e4r5i6d7', 'v6Aj4Rt8FgI', 'Mobile', '2023-11-02 13:00:00', '00:04:45', false, true, false),
    ('v9i0e1w2e3r4v5i6e', 'u7Un1Tr2YtP', 'Tablet', '2023-11-01 16:30:00', '00:07:30', true, false, true);
    
-- Comments for videos with 1 comment
INSERT INTO Comment (
    commentID,
    publishedAt,
    updatedAt,
    moderationStatus,
    likeCounts,
    isPinned,
    canRate,
    textOriginal,
    textDisplay,
    authorChannelUrl,
    authorProfileImageUrl,
    authorDisplayName,
    channelID,
    videoID
) VALUES
	('C10000000001', '2023-05-20 08:35:00', '2023-05-20 08:35:00', 'published', 15, false, true, 'Great video!', 'Great video!', 'https://www.youtube.com/c/WonderlandAdventures', '/images/channel001.jpg', 'Wonderland Adventures', 'v1a2d3e4r5i6d7', 'dQw4w9WgXcQ'),
	('C10000000002', '2023-06-15 13:20:00', '2023-06-15 13:20:00', 'published', 20, false, true, 'Fantastic content!', 'Fantastic content!', 'https://www.youtube.com/c/ReggaeVibes', '/images/channel002.jpg', 'Reggae Vibes', 'v9i0e1w2e3r4v5i6e', 'x7Yk19IdtdQ'),
	('C10000000003', '2023-07-10 17:00:00', '2023-07-10 17:00:00', 'published', 10, false, true, 'Amazing tips!', 'Amazing tips!', 'https://www.youtube.com/c/FoodParadise', '/images/channel003.jpg', 'Food Paradise', 'v3i4e5w6e9r2v3i4e', 'l7Gh23XkjOQ'),
	('C10000000004', '2023-08-05 11:50:00', '2023-08-05 11:50:00', 'published', 18, false, true, 'Great sketching techniques!', 'Great sketching techniques!', 'https://www.youtube.com/c/StardustDreams', '/images/channel004.jpg', 'Stardust Dreams', 'v1m3i9l2y4d5a0v', 'a9Js46YbFgI'),
	('C10000000005', '2023-05-22 09:35:00', '2023-05-22 09:35:00', 'published', 22, false, true, 'Magical forest indeed!', 'Magical forest indeed!', 'https://www.youtube.com/c/ArtisticExpressions', '/images/channel005.jpg', 'Artistic Expressions', 'v8i7c6h9r5i4s0l', 'z5Uo3LkMbCQ'),
	('C10000000006', '2023-06-30 17:30:00', '2023-06-30 17:30:00', 'published', 14, false, true, 'Mind-blowing illusions!', 'Mind-blowing illusions!', 'https://www.youtube.com/c/SpaceOdyssey', '/images/channel006.jpg', 'Space Odyssey', 'v5u3s6a9n2d0a2v', 'b1Fn7UcK9HQ'),
	('C10000000007', '2023-07-18 14:20:00', '2023-07-18 14:20:00', 'published', 25, false, true, 'Thrilling ziplining!', 'Thrilling ziplining!', 'https://www.youtube.com/c/SpaceOdyssey', '/images/channel006.jpg', 'Space Odyssey', 'v5u3s6a9n2d0a2v', 'y2Ll6JiDk9F'),
	('C10000000008', '2023-08-12 17:45:00', '2023-08-12 17:45:00', 'published', 30, false, true, 'Creative home decor!', 'Creative home decor!', 'https://www.youtube.com/c/ArtisticExpressions', '/images/channel005.jpg', 'Artistic Expressions', 'v8i7c6h9r5i4s0l', 'p8Nk3MzIdKU'),
	('C10000000009', '2023-05-25 19:40:00', '2023-05-25 19:40:00', 'published', 18, false, true, 'Yoga HIIT is awesome!', 'Yoga HIIT is awesome!', 'https://www.youtube.com/c/FoodParadise', '/images/channel003.jpg', 'Food Paradise', 'v3i4e5w6e9r2v3i4e', 'r9Vj2JuXzLk'),
	('C10000000010', '2023-06-28 09:30:00', '2023-06-28 09:30:00', 'published', 22, false, true, 'Exciting tech unboxing!', 'Exciting tech unboxing!', 'https://www.youtube.com/c/TechExplorers', '/images/channel011.jpg', 'Tech Explorers', 'v1a2d3e4r5i6d7', 'm1Kl7AeW9Dx'),
	('C10000000011', '2023-09-02 14:25:00', '2023-09-02 14:25:00', 'published', 12, false, true, 'Wonderful coral reefs!', 'Wonderful coral reefs!', 'https://www.youtube.com/c/MindfulLiving', '/images/channel010.jpg', 'Melodies of Nature', 'm8i7n6d9f5u4l0l', 's3Yk19IdtdQ'),
	('C10000000012', '2023-10-08 10:50:00', '2023-10-08 10:50:00', 'published', 15, false, true, 'Epic mountain hiking adventure!', 'Epic mountain hiking adventure!', 'https://www.youtube.com/c/ArcticExplorations', '/images/channel007.jpg', 'Arctic Explorations', 'c3o4u5n6t7r8y9S', 's3Yk19IdtdQ'),
	('C10000000013', '2023-11-15 18:35:00', '2023-11-15 18:35:00', 'published', 20, false, true, 'Dance fusion workout is amazing!', 'Dance fusion workout is amazing!', 'https://www.youtube.com/c/WizardingWorldWonders', '/images/channel009.jpg', 'Wizarding World Wonders', 'v8i7c6h9r5i4s0l', 'u7Un1Tr2YtP'),
	('C10000000014', '2023-09-18 12:40:00', '2023-09-18 12:40:00', 'published', 18, false, true, 'Mesmerizing piano performance!', 'Mesmerizing piano performance!', 'https://www.youtube.com/c/MindfulLiving', '/images/channel010.jpg', 'Melodies of Nature', 'c3o4u5n6t7r8y9S', 'z9Nl6Dj1F5U'),
	('C10000000015', '2023-10-25 16:15:00', '2023-10-25 16:15:00', 'published', 22, false, true, 'Delicious vegan recipes!', 'Delicious vegan recipes!', 'https://www.youtube.com/c/FoodParadise', '/images/channel003.jpg', 'Food Paradise', 'v3i4e5w6e9r2v3i4e', 'z9Nl6Dj1F5U'),
	('C10000000016', '2023-11-30 21:10:00', '2023-11-30 21:10:00', 'published', 25, false, true, 'Incredible time-lapse photography!', 'Incredible time-lapse photography!', 'https://www.youtube.com/c/ReggaeVibes', '/images/channel002.jpg', 'Reggae Vibes', 'v9i0e1w2e3r4v5i6e', 'z9Nl6Dj1F5U'),
	('C10000000017', '2023-12-10 08:20:00', '2023-12-10 08:20:00', 'published', 30, false, true, 'Mindfulness meditation session!', 'Mindfulness meditation session!', 'https://www.youtube.com/c/MindfulLiving', '/images/channel010.jpg', 'Melodies of Nature', 'v8i7c6h9r5i4s0l', 'm1Kl7AeW9Dx'),
	('C10000000018', '2023-12-25 15:45:00', '2023-12-25 15:45:00', 'published', 28, false, true, 'Art of abstract painting!', 'Art of abstract painting!', 'https://www.youtube.com/c/ArtisticExpressions', '/images/channel005.jpg', 'Artistic Expressions', 'v8i7c6h9r5i4s0l', 'm1Kl7AeW9Dx'),
	('C10000000019', '2023-12-28 09:30:00', '2023-12-28 09:30:00', 'published', 22, false, true, 'Unboxing latest tech gadgets!', 'Unboxing latest tech gadgets!', 'https://www.youtube.com/c/TechExplorers', '/images/channel011.jpg', 'Tech Explorers', 'que23his21h2hws', 'm1Kl7AeW9Dx'),
	('C10000000020', '2023-08-22 14:55:00', '2023-08-22 14:55:00', 'published', 35, false, true, 'Captivating space exploration!', 'Captivating space exploration!', 'https://www.youtube.com/c/SpaceOdyssey', '/images/channel006.jpg', 'Space Odyssey', 'v5u3s6a9n2d0a2v', 'y2Ll6JiDk9F'),
	('C10000000021', '2023-07-05 11:30:00', '2023-07-05 11:30:00', 'published', 50, true, true, 'Pinned comment! Great video!', 'Pinned comment! Great video!', 'https://www.youtube.com/c/MindfulLiving', '/images/channel010.jpg', 'Melodies of Nature', 'que23his21h2hws', 'y2Ll6JiDk9F'),
	('C10000000022', '2023-09-05 16:20:00', '2023-09-05 16:20:00', 'published', 28, false, true, 'Absolutely love your content!', 'Absolutely love your content!', 'https://www.youtube.com/c/WonderlandAdventures', '/images/channel001.jpg', 'Wonderland Adventures', 'v1a2d3e4r5i6d7', 'y2Ll6JiDk9F'),
	('C10000000023', '2023-10-12 10:45:00', '2023-10-12 10:45:00', 'published', 22, true, true, 'Keep up the great work!', 'Keep up the great work!', 'https://www.youtube.com/c/ReggaeVibes', '/images/channel002.jpg', 'Reggae Vibes', 'v9i0e1w2e3r4v5i6e', 'y2Ll6JiDk9F'),
	('C10000000024', '2023-11-20 18:30:00', '2023-11-20 18:30:00', 'published', 25, true, true, 'Your channel is my daily dose of inspiration!', 'Your channel is my daily dose of inspiration!', 'https://www.youtube.com/c/FoodParadise', '/images/channel003.jpg', 'Food Paradise', 'v3i4e5w6e9r2v3i4e', 'l7Gh23XkjOQ'),
	('C10000000025', '2023-09-25 12:50:00', '2023-09-25 12:50:00', 'published', 30, false, true, 'This video changed my perspective. Thank you!', 'This video changed my perspective. Thank you!', 'https://www.youtube.com/c/StardustDreams', '/images/channel004.jpg', 'Stardust Dreams', 'v1m3i9l2y4d5a0v', 'a9Js46YbFgI'),
	('C10000000026', '2023-10-28 17:35:00', '2023-10-28 17:35:00', 'published', 18, false, true, 'I can watch your videos all day!', 'I can watch your videos all day!', 'https://www.youtube.com/c/ArtisticExpressions', '/images/channel005.jpg', 'Artistic Expressions', 'v8i7c6h9r5i4s0l', 'z5Uo3LkMbCQ'),
	('C10000000027', '2023-12-05 09:30:00', '2023-12-05 09:30:00', 'published', 22, false, true, 'Your illusions blow my mind!', 'Your illusions blow my mind!', 'https://www.youtube.com/c/SpaceOdyssey', '/images/channel006.jpg', 'Space Odyssey', 'v5u3s6a9n2d0a2v', 'b1Fn7UcK9HQ'),
	('C10000000028', '2023-09-22 14:20:00', '2023-09-22 14:20:00', 'published', 25, false, true, 'I felt like I was ziplining with you!', 'I felt like I was ziplining with you!', 'https://www.youtube.com/c/SpaceOdyssey', '/images/channel006.jpg', 'Space Odyssey', 'v5u3s6a9n2d0a2v', 'y2Ll6JiDk9F'),
	('C10000000029', '2023-10-15 17:45:00', '2023-10-15 17:45:00', 'published', 20, false, true, 'Your home decor ideas are fantastic!', 'Your home decor ideas are fantastic!', 'https://www.youtube.com/c/ArtisticExpressions', '/images/channel005.jpg', 'Artistic Expressions', 'v8i7c6h9r5i4s0l', 'p8Nk3MzIdKU'),
	('C10000000030', '2023-09-28 19:40:00', '2023-09-28 19:40:00', 'published', 18, false, true, 'I''ve never tried Yoga HIIT, but your video convinced me!', 'I''ve never tried Yoga HIIT, but your video convinced me!', 'https://www.youtube.com/c/FoodParadise', '/images/channel003.jpg', 'Food Paradise', 'v3i4e5w6e9r2v3i4e', 'r9Vj2JuXzLk');

-- Video Ads
INSERT INTO VideoAds (
    videoAdsID,
    length,
    objective,
    videoFormatType,
    targetLocation,
    targetLanguage,
    budget,
    googleAdsAcctID
) VALUES
	('adsA100000000', '00:00:30', 'Increase brand awareness', 'Skippable video ads', 'United States', 'English', 10000.00, 'a1b2c3d4e5f6g7h8'),
	('adsA100000001', '00:00:15', 'Promote a new product', 'Non-skippable video ads', 'Canada', 'French', 7500.00, 'i9j0k1l2m3n4o5p'),
	('adsA100000002', '00:00:10', 'Drive user engagement', 'Bumper ads', 'United Kingdom', 'English', 5000.00, 'q6r7s8t9u0v1w2x'),
	('adsA100000003', '00:00:20', 'Advertise special promotions', 'Skippable video ads', 'Germany', 'German', 12000.00, 'g0h1i2j3k4l5m6n'),
	('adsA100000004', '00:00:25', 'Showcase brand storytelling', 'Skippable video ads', 'France', 'French', 8000.00, 'y3z4a5b6c7d8e9f'),
	('adsA100000005', '00:00:12', 'Highlight product features', 'Non-skippable video ads', 'Japan', 'Japanese', 6000.00, 'o7p8q9r0s1t2u3v'),
	('adsA100000006', '00:00:18', 'Encourage app installations', 'Bumper ads', 'Australia', 'English', 9000.00, 'w4x5y6z7a8b9c0d'),
	('adsA100000007', '00:00:22', 'Drive online sales', 'Skippable video ads', 'China', 'Mandarin', 15000.00, 'u6v7w8x9y0z1a2b'),
	('adsA100000008', '00:00:14', 'Showcase customer testimonials', 'Skippable video ads', 'India', 'Hindi', 7000.00, 'e2f3g4h5i6j7k8l'),
	('adsA100000009', '00:00:16', 'Promote in-store visits', 'Skippable video ads', 'Brazil', 'Portuguese', 11000.00, 'm9n0o1p2q3r4s5t'),
	('adsA100000010', '00:00:28', 'Highlight product usage tips', 'Non-skippable video ads', 'United States', 'English', 10000.00, 'a1b2c3d4e5f6g7h8'),
	('adsA100000011', '00:00:08', 'Create brand recall', 'Bumper ads', 'Germany', 'German', 4500.00, 'i9j0k1l2m3n4o5p'),
	('adsA100000012', '00:00:18', 'Drive website traffic', 'Skippable video ads', 'United Kingdom', 'English', 8000.00, 'q6r7s8t9u0v1w2x'),
	('adsA100000013', '00:00:22', 'Promote seasonal discounts', 'Skippable video ads', 'United States', 'English', 12000.00, 'a1b2c3d4e5f6g7h8'),
	('adsA100000014', '00:00:14', 'Showcase product demonstrations', 'Non-skippable video ads', 'Canada', 'French', 7000.00, 'i9j0k1l2m3n4o5p'),
	('adsA100000015', '00:00:10', 'Drive social media engagement', 'Bumper ads', 'United Kingdom', 'English', 5000.00, 'q6r7s8t9u0v1w2x');

-- VideoAds_topic
INSERT INTO VideoAds_topic (videoAdsID, videoAds_topic, videoAds_url) VALUES
    ('adsA100000001', 'Fashion Sale', 'https://www.fashionstore.com/sale'),
    ('adsA100000002', 'Tech Gadgets', 'https://www.techgadgets.com/new-arrivals'),
    ('adsA100000003', 'Travel Deals', 'https://www.traveldeals.com/exclusive-offers'),
    ('adsA100000004', 'Health and Fitness', 'https://www.healthandfitnessstore.com/fitness-equipment'),
    ('adsA100000005', 'Home Decor', 'https://www.homedecorhub.com/seasonal-decor'),
    ('adsA100000006', 'Food Delivery', 'https://www.fooddeliveryapp.com/special-promotions'),
    ('adsA100000007', 'Social Media Platform', 'https://www.socialmediahub.com/connect-with-friends'),
    ('adsA100000008', 'Online Learning', 'https://www.onlinelearningplatform.com/courses'),
    ('adsA100000009', 'Pet Supplies', 'https://www.petsupplystore.com/best-pet-products'),
    ('adsA100000010', 'Beauty Products', 'https://www.beautyproductsworld.com/skin-care'),
    ('adsA100000011', 'Automotive Accessories', 'https://www.autoaccessoriesmart.com/car-upgrades'),
    ('adsA100000012', 'Gaming Gear', 'https://www.gaminggearstore.com/latest-gaming-accessories'),
    ('adsA100000013', 'Bookstore', 'https://www.booklovers.com/bestsellers'),
    ('adsA100000014', 'Outdoor Adventures', 'https://www.outdooradventuregear.com/explore-nature'),
    ('adsA100000015', 'Music Streaming', 'https://www.musicstreamingplatform.com/new-releases'),
    ('adsA100000011', 'DIY Projects', 'https://www.diyprojectideas.com/do-it-yourself'),
    ('adsA100000012', 'Fitness Wear', 'https://www.fitnesswearshop.com/activewear'),
    ('adsA100000008', 'Home Appliance Sale', 'https://www.appliancestore.com/special-offers'),
    ('adsA100000009', 'Travel Essentials', 'https://www.travelessentialsguide.com/must-haves'),
    ('adsA100000001', 'Entertainment Hub', 'https://www.entertainmenthub.com/trending-shows');

-- VideoAds_placement
INSERT INTO VideoAds_placement (videoAdsID, videoAds_placement) VALUES
    ('adsA100000001', '00:01:30'),
    ('adsA100000002', '00:03:45'),
    ('adsA100000003', '00:06:15'),
    ('adsA100000004', '00:08:30'),
    ('adsA100000005', '00:10:00'),
    ('adsA100000006', '00:12:45'),
    ('adsA100000007', '00:04:30'),
    ('adsA100000008', '00:16:45'),
    ('adsA100000009', '00:08:30'),
    ('adsA100000010', '00:20:00'),
    ('adsA100000011', '00:02:30'),
    ('adsA100000012', '00:04:45'),
    ('adsA100000013', '00:06:00'),
    ('adsA100000014', '00:08:15'),
    ('adsA100000015', '00:03:30'),
    ('adsA100000006', '00:02:25'),
    ('adsA100000007', '00:15:00'),
    ('adsA100000002', '00:17:15'),
    ('adsA100000003', '00:19:30'),
    ('adsA100000005', '00:01:45');

-- VideoAds_keyword
INSERT INTO VideoAds_keyword (videoAdsID, videoAds_keyword, videoAds_keywordTimes) VALUES
    ('adsA100000001', 'technology', 312),
    ('adsA100000002', 'fashion', 4324),
    ('adsA100000003', 'travel', 23646),
    ('adsA100000004', 'food', 17238),
    ('adsA100000005', 'health', 8239),
    ('adsA100000006', 'gaming', 6482),
    ('adsA100000007', 'home decor', 3921),
    ('adsA100000008', 'fitness', 14897),
    ('adsA100000009', 'music', 5623),
    ('adsA100000010', 'education', 9274),
    ('adsA100000011', 'beauty', 5291),
    ('adsA100000012', 'finance', 11235),
    ('adsA100000013', 'pets', 7463),
    ('adsA100000014', 'cars', 9134),
    ('adsA100000015', 'entertainment', 19856),
    ('adsA100000004', 'cooking', 6497),
    ('adsA100000005', 'sports', 29453),
    ('adsA100000007', 'technology', 15372),
    ('adsA100000008', 'travel', 23789),
    ('adsA100000010', 'health', 4932);

-- Appear_VideoAds
INSERT INTO Appear_VideoAds (videoID, videoAdsID, videoAdsViews) VALUES
    ('dQw4w9WgXcQ', 'adsA100000001', 12452),
    ('x7Yk19IdtdQ', 'adsA100000008', 2789),
    ('l7Gh23XkjOQ', 'adsA100000005', 8134),
    ('a9Js46YbFgI', 'adsA100000011', 427),
    ('z5Uo3LkMbCQ', 'adsA100000007', 315),
    ('b1Fn7UcK9HQ', 'adsA100000003', 15678),
    ('y2Ll6JiDk9F', 'adsA100000010', 9456),
    ('p8Nk3MzIdKU', 'adsA100000009', 12345),
    ('r9Vj2JuXzLk', 'adsA100000012', 5123),
    ('m1Kl7AeW9Dx', 'adsA100000002', 8345),
    ('n3Kg4Yq9LwZ', 'adsA100000014', 2178),
    ('t5Uo7Gp8LaX', 'adsA100000006', 7423),
    ('v2Aj4Rt5FgI', 'adsA100000015', 11894),
    ('u7Un1Tr2YtP', 'adsA100000004', 15236),
    ('w1Iz9a8rCtE', 'adsA100000013', 19876),
    ('z9Mj8Yf5BdI', 'adsA100000002', 5643),
    ('x7Nl6Dj9F5U', 'adsA100000009', 12387),
    ('s3Yk19IdtdQ', 'adsA100000006', 3256),
    ('a1Un2Tr3YtP', 'adsA100000014', 6789),
    ('z9Nl6Dj1F5U', 'adsA100000010', 7912),
    ('w2Iz9a7rCtE', 'adsA100000003', 9087),
    ('b5Fn7UcK9HQ', 'adsA100000004', 11234),
    ('t3Uo7Gp1LaX', 'adsA100000012', 2365),
    ('v6Aj4Rt8FgI', 'adsA100000008', 3789),
    ('c5Uo3Lk9BdI', 'adsA100000011', 4987),
    ('v9Ij7Cu8HrS', 'adsA100000009', 5623),
    ('x4Ym8Dj9LwZ', 'adsA100000007', 7432),
    ('dQw4w9WgXcQ', 'adsA100000005', 9812),
    ('x7Yk19IdtdQ', 'adsA100000003', 10987),
    ('l7Gh23XkjOQ', 'adsA100000001', 13256);
